{
  "_note1": "KEEP THIS FILE! Check it into a version control system (VCS) like git.",
  "_note2": "ObjectBox manages crucial IDs for your object model. See docs for details.",
  "_note3": "If you have VCS merge conflicts, you must resolve them according to ObjectBox docs.",
  "entities": [
    {
      "id": "1:7556352519671323523",
      "lastPropertyId": "2:3518316391422336890",
      "name": "SuperHero",
      "properties": [
        {
          "id": "1:4226947228372405669",
          "name": "id"
        },
        {
          "id": "2:3518316391422336890",
          "name": "name"
        }
      ],
      "relations": []
    },
    {
      "id": "2:4345665301555574412",
      "lastPropertyId": "14:9030816473907975779",
      "name": "SuperHeroDetails",
      "properties": [
        {
          "id": "1:4896648397478113434",
          "name": "id"
        },
        {
          "id": "2:4370858167749743252",
          "name": "name"
        },
        {
          "id": "9:3838559367514906483",
          "indexId": "19:3109552406622866217",
          "name": "appearanceToOneId"
        },
        {
          "id": "10:7187305497564638162",
          "indexId": "20:4212373853030589355",
          "name": "powerStatsToOneId"
        },
        {
          "id": "11:779170762842096254",
          "indexId": "21:7788260592581910614",
          "name": "biographyToOneId"
        },
        {
          "id": "12:766884108612911903",
          "indexId": "22:748996625808643300",
          "name": "workToOneId"
        },
        {
          "id": "13:4610209907972697900",
          "indexId": "23:6820573069537911388",
          "name": "connectionsToOneId"
        },
        {
          "id": "14:9030816473907975779",
          "indexId": "24:4676054966241318827",
          "name": "imageToOneId"
        }
      ],
      "relations": []
    },
    {
      "id": "3:3728451602190959842",
      "lastPropertyId": "9:4700044015925891392",
      "name": "Appearance",
      "properties": [
        {
          "id": "1:918712440022315780",
          "name": "id"
        },
        {
          "id": "2:4081295526988527073",
          "name": "gender"
        },
        {
          "id": "3:3013527139646667360",
          "name": "race"
        },
        {
          "id": "4:3907771240470211932",
          "name": "height"
        },
        {
          "id": "5:5969132267735049445",
          "name": "weight"
        },
        {
          "id": "6:1619841825206814725",
          "name": "eyeColor"
        },
        {
          "id": "7:4479342767785537684",
          "name": "hairColor"
        }
      ],
      "relations": []
    },
    {
      "id": "4:7795231640574032032",
      "lastPropertyId": "10:2892070364083981413",
      "name": "Biography",
      "properties": [
        {
          "id": "1:8295710550449550607",
          "name": "id"
        },
        {
          "id": "2:7489534289281655136",
          "name": "fullName"
        },
        {
          "id": "3:4537382478373371718",
          "name": "alterEgos"
        },
        {
          "id": "4:2098432194068932272",
          "name": "aliases"
        },
        {
          "id": "5:5594289291522914648",
          "name": "placeOfBirth"
        },
        {
          "id": "6:7601920717658918992",
          "name": "firstAppearance"
        },
        {
          "id": "7:3476763539146454901",
          "name": "publisher"
        },
        {
          "id": "8:7589444245878518081",
          "name": "alignment"
        }
      ],
      "relations": []
    },
    {
      "id": "5:2428088057786758248",
      "lastPropertyId": "5:4805674109894692268",
      "name": "Connections",
      "properties": [
        {
          "id": "1:6858406697489897504",
          "name": "id"
        },
        {
          "id": "2:2830935029086207375",
          "name": "groupAffiliation"
        },
        {
          "id": "3:2419392256750524098",
          "name": "relatives"
        }
      ],
      "relations": []
    },
    {
      "id": "6:5997838992444051891",
      "lastPropertyId": "4:5535865774432596301",
      "name": "Image",
      "properties": [
        {
          "id": "1:7752185409258419823",
          "name": "id"
        },
        {
          "id": "2:6738572194260705889",
          "name": "url"
        }
      ],
      "relations": []
    },
    {
      "id": "7:5273515010289336866",
      "lastPropertyId": "9:658515805700888959",
      "name": "PowerStats",
      "properties": [
        {
          "id": "1:5059856876003839356",
          "name": "id"
        },
        {
          "id": "2:7488467326399567742",
          "name": "intelligence"
        },
        {
          "id": "3:4276997465725650545",
          "name": "strength"
        },
        {
          "id": "4:5605832101972001279",
          "name": "speed"
        },
        {
          "id": "5:5849232418432286447",
          "name": "durability"
        },
        {
          "id": "6:2964403316493709742",
          "name": "power"
        },
        {
          "id": "7:6261213716800254271",
          "name": "combat"
        }
      ],
      "relations": []
    },
    {
      "id": "8:4862946915854196546",
      "lastPropertyId": "5:4674671603866862459",
      "name": "Work",
      "properties": [
        {
          "id": "1:482666465255926768",
          "name": "id"
        },
        {
          "id": "2:2760355697685024153",
          "name": "occupation"
        },
        {
          "id": "3:6605156149654506210",
          "name": "base"
        }
      ],
      "relations": []
    }
  ],
  "lastEntityId": "8:4862946915854196546",
  "lastIndexId": "24:4676054966241318827",
  "lastRelationId": "0:0",
  "lastSequenceId": "0:0",
  "modelVersion": 4,
  "modelVersionParserMinimum": 4,
  "retiredEntityUids": [],
  "retiredIndexUids": [
    498912469238574939,
    837989408059015539,
    2538365390549387431,
    3134732757819881694,
    4881391173915807065,
    5272256316492238356,
    1193833722631451983,
    521768907496616376,
    476596412027473873,
    630008636183324850,
    8016159853794377114,
    2433319596835573595,
    5255516730633967729,
    114082242636117738,
    7331101516644820251,
    5024815021605746976,
    7019098207434875339,
    999648671590856551
  ],
  "retiredPropertyUids": [
    2404927073640915781,
    854644023997814394,
    1134823638301555297,
    1542179756168528370,
    1261577959983719844,
    8362204330696791904,
    9132271409711639991,
    7501961244495785575,
    5257205436430052490,
    8631109594376357363,
    8952643573278769144,
    6404317290108694719,
    4700044015925891392,
    2892070364083981413,
    658515805700888959,
    4674671603866862459,
    5535865774432596301,
    4805674109894692268
  ],
  "retiredRelationUids": [],
  "version": 1
}